{
  "project_info": {
    "project_number": "894263810116",
    "firebase_url": "https://hellopush-91bf5.firebaseio.com",
    "project_id": "hellopush-91bf5",
    "storage_bucket": "hellopush-91bf5.appspot.com"
  },
  "client": [
    {
      "client_info": {
        "mobilesdk_app_id": "1:894263810116:android:7521661729420769a08411",
        "android_client_info": {
          "package_name": "com.ibm.hellopush"
        }
      },
      "oauth_client": [
        {
          "client_id": "894263810116-11f9a1e8ieh35sia5crupmm9m7p4b00h.apps.googleusercontent.com",
          "client_type": 3
        }
      ],
      "api_key": [
        {
          "current_key": "AIzaSyDCjSNjd2BjZU7FOgH6fgDuRT4eSMi013A"
        }
      ],
      "services": {
        "appinvite_service": {
          "other_platform_oauth_client": [
            {
              "client_id": "894263810116-11f9a1e8ieh35sia5crupmm9m7p4b00h.apps.googleusercontent.com",
              "client_type": 3
            }
          ]
        }
      }
    },
    {
      "client_info": {
        "mobilesdk_app_id": "1:894263810116:android:88aa678cec4ff7d9a08411",
        "android_client_info": {
          "package_name": "com.ibm.mobilefirstplatform.clientsdk.android.push"
        }
      },
      "oauth_client": [
        {
          "client_id": "894263810116-11f9a1e8ieh35sia5crupmm9m7p4b00h.apps.googleusercontent.com",
          "client_type": 3
        }
      ],
      "api_key": [
        {
          "current_key": "AIzaSyDCjSNjd2BjZU7FOgH6fgDuRT4eSMi013A"
        }
      ],
      "services": {
        "appinvite_service": {
          "other_platform_oauth_client": [
            {
              "client_id": "894263810116-11f9a1e8ieh35sia5crupmm9m7p4b00h.apps.googleusercontent.com",
              "client_type": 3
            }
          ]
        }
      }
    }
  ],
  "configuration_version": "1"
}